held_out_class,pearson_log_r,pearson_log_p,spearman_r,spearman_p,n
cauctions,0.6132690517974662,1.0972918423205783e-42,0.5086048149228096,1.0557429129727364e-27,400
facilities,0.6829560540088775,3.001618368850126e-56,0.6707118161094802,1.3456509832276462e-53,400
indset,0.5473357100568595,1.223954317907906e-32,0.5415811048572468,7.278354193484623e-32,400
mknapsack,0.5249957305742685,1.0280723245585675e-29,0.32740598630884976,1.8994139225552067e-11,400
setcover_valid,0.5314051912971371,1.5675202107738076e-30,0.39064052624808476,4.939872621683265e-16,400
