held_out_class,pearson_log_r,pearson_log_p,spearman_r,spearman_p,n
cauctions,0.5731990577075672,7.316755232748078e-19,0.43979325679528825,7.234003167589752e-11,200
facilities,0.6642417462357786,8.036971839651365e-27,0.6465204829859708,4.652766537749302e-25,200
indset,0.4660641346415126,3.5291787222297513e-12,0.4675057370986702,2.9675917129469765e-12,200
mknapsack,0.47237828221837874,1.6420051018168115e-12,0.2525722272256171,0.00030832934879331805,200
setcover_valid,0.497373424742009,6.776151762438403e-14,0.33991332797639084,8.462475587299614e-07,200
