class,n,median_scip_nodes,median_ml_nodes,median_degradation,mean_degradation,pct_ml_worse,pct_scip_limited,pct_ml_limited,failures
cauctions,50,13.0,128.5,11.027667984189723,13.642993953630713,1.0,0.0,0.0,0
facilities,50,42.0,227.0,4.5692669250432925,7.473622859341808,0.98,0.52,0.6,0
indset,50,12.0,194.0,16.8,20.688779546410846,1.0,0.0,0.14,0
mknapsack,50,2703.5,4317.0,1.7864225318871942,1.9748505655041209,0.78,0.12,0.18,0
setcover_valid,50,90.0,194.5,2.2811528342501792,3.0130255088454527,0.86,0.0,0.0,0
