class,pearson_log_r,pearson_log_p,spearman_r,spearman_p,n,unique_distances
cauctions,,,,,50,1
facilities,,,,,50,1
indset,,,,,50,1
mknapsack,-0.09114566673640262,0.5290162391993652,-0.0891770511375781,0.5379890075585472,50,3
setcover_valid,0.10938031832302703,0.4495615075169996,0.13125346792662496,0.36357874896292297,50,14
