class,n,median,mean,std,min,max,iqr
cauctions,50,2.01044,2.01044,0.0,2.01044,2.01044,0.0
facilities,50,3.000343921281256,3.000343921281256,0.0,3.000343921281256,3.000343921281256,0.0
indset,50,2.98956,2.98956,0.0,2.98956,2.98956,0.0
mknapsack,50,1.01044,1.01044,9.516197353929914e-17,1.0104399999999998,1.0104400000000002,0.0
setcover_valid,50,0.00276,0.003378399999999972,0.0013705046888065776,0.00232,0.00856,0.0015600000000001
