held_out_class,pearson_log_r,pearson_log_p,spearman_r,spearman_p,n
cauctions,0.6039929640348504,2.857295586048735e-21,0.4840059724932769,3.8488296415878376e-13,200
facilities,0.7008701117922617,7.1082946624026335e-31,0.6927083234829821,6.417195574289172e-30,200
indset,0.5149737783989519,6.1138356438941684e-15,0.5057222546554621,2.2025074650209446e-14,200
mknapsack,0.5143949525478311,6.631839831258575e-15,0.29520625693524183,2.199231930853316e-05,200
setcover_valid,0.5211362213786608,2.5473857708608797e-15,0.3668001384253062,9.182603208484085e-08,200
