class,n,median_scip_nodes,median_ml_nodes,median_degradation,mean_degradation,pct_ml_worse,pct_scip_limited,pct_ml_limited,failures
cauctions,50,11.0,127.5,12.48888888888889,14.054170569782736,1.0,0.0,0.0,0
facilities,50,141.0,677.0,4.781511317099487,9.239555900709922,0.98,0.02,0.1,0
indset,50,11.0,180.0,15.323474923911604,28.77512772959774,0.96,0.0,0.16,0
mknapsack,50,2629.5,4761.0,1.7045353949929032,1.9576769486249455,0.9,0.1,0.24,0
setcover_valid,50,91.0,199.0,2.3889724310776943,2.8260556933093044,0.8,0.0,0.0,0
