class,n_distance,median,mean,std,min,max,iqr,n_solver,median_scip_nodes,median_ml_nodes,median_degradation,mean_degradation,pct_ml_worse,pct_scip_limited,pct_ml_limited,failures
cauctions,50,2.01044,2.01044,0.0,2.01044,2.01044,0.0,50,11.0,127.5,12.48888888888889,14.054170569782736,1.0,0.0,0.0,0
facilities,50,3.000343921281256,3.000343921281256,0.0,3.000343921281256,3.000343921281256,0.0,50,141.0,677.0,4.781511317099487,9.239555900709922,0.98,0.02,0.1,0
indset,50,2.98956,2.98956,0.0,2.98956,2.98956,0.0,50,11.0,180.0,15.323474923911604,28.77512772959774,0.96,0.0,0.16,0
mknapsack,50,1.01044,1.01044,9.516197353929914e-17,1.0104399999999998,1.0104400000000002,0.0,50,2629.5,4761.0,1.7045353949929032,1.9576769486249455,0.9,0.1,0.24,0
setcover_valid,50,0.00276,0.003378399999999972,0.0013705046888065776,0.00232,0.00856,0.0015600000000001,50,91.0,199.0,2.3889724310776943,2.8260556933093044,0.8,0.0,0.0,0
