class,pearson_log_r,pearson_log_p,spearman_r,spearman_p,n,unique_distances
cauctions,,,,,50,1
facilities,,,,,50,1
indset,,,,,50,1
mknapsack,-0.03408207890367952,0.814232482920026,0.016238968252145904,0.9108790228218698,50,3
setcover_valid,0.08152220359513136,0.5735662303728613,0.022835103892873937,0.8749256655964266,50,14
